{"assets/images/.DS_Store":["assets/images/.DS_Store"],"assets/images/Unknown.png":["assets/images/Unknown.png"],"assets/images/a.png":["assets/images/a.png"],"assets/images/admin.png":["assets/images/admin.png"],"assets/images/bed.png":["assets/images/bed.png"],"assets/images/doc2.png":["assets/images/doc2.png"],"assets/images/greentick.png":["assets/images/greentick.png"],"assets/images/himage1.png":["assets/images/himage1.png"],"assets/images/himage2.png":["assets/images/himage2.png"],"assets/images/himage3.png":["assets/images/himage3.png"],"assets/images/imagec3.png":["assets/images/imagec3.png"],"assets/images/logo1.png":["assets/images/logo1.png"],"assets/images/logo2.png":["assets/images/logo2.png"],"assets/images/usericon.png":["assets/images/usericon.png"],"assets/images/vacc.png":["assets/images/vacc.png"],"fonts/Silkscreen-Bold.ttf":["fonts/Silkscreen-Bold.ttf"],"fonts/Silkscreen-Regular.ttf":["fonts/Silkscreen-Regular.ttf"],"packages/cupertino_icons/assets/CupertinoIcons.ttf":["packages/cupertino_icons/assets/CupertinoIcons.ttf"],"packages/fluttertoast/assets/toastify.css":["packages/fluttertoast/assets/toastify.css"],"packages/fluttertoast/assets/toastify.js":["packages/fluttertoast/assets/toastify.js"]}